Substance Name,CASRN,LD50,Smiles,MW,Normalized_LD50
"2-Hydroxy-N,N,N-trimethylethan-1-aminium chloride",67-48-1,2799,[Cl-].C[N+](C)(C)CCO,139.626,20.04640969446951
D-Glucitol,50-70-4,12287,OCC(O)C(O)C(O)C(O)CO,182.172,67.44724765606131
Ethylene glycol,107-21-1,2733,OCCO,62.068000000000005,44.03235161435844
Glycerol,56-81-5,5505,OCC(O)CO,92.09400000000001,59.77588116489673
Xylitol,87-99-0,9170,OCC(O)C(O)C(O)CO,152.146,60.27105543359668
