Substance Name,CASRN,LD50,Smiles,MW,Normalized_LD50,GCN_pred,Normalized_GCN_pred
"2-Hydroxy-N,N,N-trimethylethan-1-aminium chloride",67-48-1,2799,[Cl-].C[N+](C)(C)CCO,139.626,20.04640969,1364.677,9.773802873
D-Glucitol,50-70-4,12287,OCC(O)C(O)C(O)C(O)CO,182.172,67.44724766,9993.453,54.85723931
Ethylene glycol,107-21-1,2733,OCCO,62.068,44.03235161,4452.445,71.73495199
Glycerol,56-81-5,5505,OCC(O)CO,92.094,59.77588116,7598.115,82.50390905
Xylitol,87-99-0,9170,OCC(O)C(O)C(O)CO,152.146,60.27105543,8857.712,58.21850065
